{
    "pallet_size": [
        10,
        10,
        15
    ],
    "block_dimensions": [
        3.8,
        3.8,
        3.8
    ],
    "clearance": [
        0.3,
        0.3,
        0.0
    ],
    "configurations": [
        [
            [
                "cube, 3.8cm",
                [
                    2.05,
                    2.05,
                    1.9
                ]
            ],
            [
                "cube, 3.8cm",
                [
                    6.1499999999999995,
                    2.05,
                    1.9
                ]
            ],
            [
                "cube, 3.8cm",
                [
                    2.05,
                    6.1499999999999995,
                    1.9
                ]
            ],
            [
                "cube, 3.8cm",
                [
                    6.1499999999999995,
                    6.1499999999999995,
                    1.9
                ]
            ],
            [
                "cube, 3.8cm",
                [
                    2.05,
                    2.05,
                    5.699999999999999
                ]
            ],
            [
                "cube, 3.8cm",
                [
                    6.1499999999999995,
                    2.05,
                    5.699999999999999
                ]
            ],
            [
                "cube, 3.8cm",
                [
                    2.05,
                    6.1499999999999995,
                    5.699999999999999
                ]
            ],
            [
                "cube, 3.8cm",
                [
                    6.1499999999999995,
                    6.1499999999999995,
                    5.699999999999999
                ]
            ]
        ]
    ]
}